symbol,name,sector
AAPL,Apple,Information Technology
MSFT,Microsoft,Information Technology
NVDA,NVIDIA,Information Technology
AVGO,Broadcom,Information Technology
ORCL,Oracle,Information Technology
CRM,Salesforce,Information Technology
ADBE,Adobe,Information Technology
AMD,Advanced Micro Devices,Information Technology
ACN,Accenture,Information Technology
CSCO,Cisco Systems,Information Technology
IBM,IBM,Information Technology
INTC,Intel,Information Technology
INTU,Intuit,Information Technology
NOW,ServiceNow,Information Technology
QCOM,Qualcomm,Information Technology
TXN,Texas Instruments,Information Technology
AMAT,Applied Materials,Information Technology
MU,Micron Technology,Information Technology
ADI,Analog Devices,Information Technology
LRCX,Lam Research,Information Technology
KLAC,KLA,Information Technology
SNPS,Synopsys,Information Technology
CDNS,Cadence Design Systems,Information Technology
PANW,Palo Alto Networks,Information Technology
CRWD,CrowdStrike,Information Technology
ANET,Arista Networks,Information Technology
APH,Amphenol,Information Technology
MSI,Motorola Solutions,Information Technology
GLW,Corning,Information Technology
HPQ,HP,Information Technology
HPE,Hewlett Packard Enterprise,Information Technology
DELL,Dell Technologies,Information Technology
NTAP,NetApp,Information Technology
STX,Seagate Technology,Information Technology
WDC,Western Digital,Information Technology
SMCI,Super Micro Computer,Information Technology
MPWR,Monolithic Power Systems,Information Technology
ON,ON Semiconductor,Information Technology
MCHP,Microchip Technology,Information Technology
SWKS,Skyworks Solutions,Information Technology
NXPI,NXP Semiconductors,Information Technology
TER,Teradyne,Information Technology
ZBRA,Zebra Technologies,Information Technology
KEYS,Keysight Technologies,Information Technology
GDDY,GoDaddy,Information Technology
AKAM,Akamai Technologies,Information Technology
FFIV,F5,Information Technology
EPAM,EPAM Systems,Information Technology
PTC,PTC,Information Technology
TYL,Tyler Technologies,Information Technology
CDW,CDW,Information Technology
WDAY,Workday,Information Technology
ADSK,Autodesk,Information Technology
ROP,Roper Technologies,Information Technology
FTNT,Fortinet,Information Technology
GEN,Gen Digital,Information Technology
VRSN,VeriSign,Information Technology
JBL,Jabil,Information Technology
FSLR,First Solar,Information Technology
ENPH,Enphase Energy,Information Technology
TDY,Teledyne Technologies,Information Technology
TRMB,Trimble,Information Technology
CTSH,Cognizant,Information Technology
IT,Gartner,Information Technology
PLTR,Palantir Technologies,Information Technology
DDOG,Datadog,Information Technology
APP,AppLovin,Information Technology
GOOGL,Alphabet Class A,Communication Services
GOOG,Alphabet Class C,Communication Services
META,Meta Platforms,Communication Services
NFLX,Netflix,Communication Services
DIS,Walt Disney,Communication Services
CMCSA,Comcast,Communication Services
T,AT&T,Communication Services
VZ,Verizon Communications,Communication Services
TMUS,T-Mobile US,Communication Services
CHTR,Charter Communications,Communication Services
EA,Electronic Arts,Communication Services
TTWO,Take-Two Interactive,Communication Services
OMC,Omnicom Group,Communication Services
IPG,Interpublic Group,Communication Services
WBD,Warner Bros Discovery,Communication Services
FOXA,Fox Class A,Communication Services
FOX,Fox Class B,Communication Services
NWSA,News Corp Class A,Communication Services
NWS,News Corp Class B,Communication Services
MTCH,Match Group,Communication Services
LYV,Live Nation Entertainment,Communication Services
TKO,TKO Group Holdings,Communication Services
BRK-B,Berkshire Hathaway Class B,Financials
JPM,JPMorgan Chase,Financials
V,Visa,Financials
MA,Mastercard,Financials
BAC,Bank of America,Financials
WFC,Wells Fargo,Financials
GS,Goldman Sachs,Financials
MS,Morgan Stanley,Financials
SPGI,S&P Global,Financials
AXP,American Express,Financials
BLK,BlackRock,Financials
C,Citigroup,Financials
SCHW,Charles Schwab,Financials
CB,Chubb,Financials
MMC,Marsh & McLennan,Financials
PGR,Progressive,Financials
ICE,Intercontinental Exchange,Financials
CME,CME Group,Financials
AON,Aon,Financials
USB,US Bancorp,Financials
PNC,PNC Financial Services,Financials
TFC,Truist Financial,Financials
COF,Capital One,Financials
MET,MetLife,Financials
AIG,American International Group,Financials
PRU,Prudential Financial,Financials
AFL,Aflac,Financials
ALL,Allstate,Financials
TRV,Travelers,Financials
AJG,Arthur J Gallagher,Financials
MSCI,MSCI,Financials
BK,BNY,Financials
STT,State Street,Financials
NTRS,Northern Trust,Financials
SYF,Synchrony Financial,Financials
FITB,Fifth Third Bancorp,Financials
MTB,M&T Bank,Financials
HBAN,Huntington Bancshares,Financials
RF,Regions Financial,Financials
KEY,KeyCorp,Financials
CFG,Citizens Financial Group,Financials
WTW,Willis Towers Watson,Financials
BRO,Brown & Brown,Financials
CINF,Cincinnati Financial,Financials
L,Loews,Financials
GL,Globe Life,Financials
AIZ,Assurant,Financials
RJF,Raymond James Financial,Financials
IVZ,Invesco,Financials
BEN,Franklin Resources,Financials
TROW,T Rowe Price,Financials
NDAQ,Nasdaq,Financials
CBOE,Cboe Global Markets,Financials
MKTX,MarketAxess,Financials
FDS,FactSet,Financials
MCO,Moodys,Financials
PYPL,PayPal,Financials
FIS,Fidelity National Information Services,Financials
FI,Fiserv,Financials
GPN,Global Payments,Financials
JKHY,Jack Henry & Associates,Financials
ACGL,Arch Capital Group,Financials
EG,Everest Group,Financials
WRB,W R Berkley,Financials
HIG,Hartford,Financials
PFG,Principal Financial Group,Financials
AMP,Ameriprise Financial,Financials
ERIE,Erie Indemnity,Financials
KKR,KKR,Financials
BX,Blackstone,Financials
APO,Apollo Global Management,Financials
COIN,Coinbase,Financials
HOOD,Robinhood Markets,Financials
CPAY,Corpay,Financials
LLY,Eli Lilly,Health Care
UNH,UnitedHealth Group,Health Care
JNJ,Johnson & Johnson,Health Care
ABBV,AbbVie,Health Care
MRK,Merck,Health Care
TMO,Thermo Fisher Scientific,Health Care
ABT,Abbott Laboratories,Health Care
DHR,Danaher,Health Care
PFE,Pfizer,Health Care
AMGN,Amgen,Health Care
ISRG,Intuitive Surgical,Health Care
ELV,Elevance Health,Health Care
VRTX,Vertex Pharmaceuticals,Health Care
SYK,Stryker,Health Care
BSX,Boston Scientific,Health Care
MDT,Medtronic,Health Care
GILD,Gilead Sciences,Health Care
CI,Cigna Group,Health Care
CVS,CVS Health,Health Care
REGN,Regeneron Pharmaceuticals,Health Care
ZTS,Zoetis,Health Care
BDX,Becton Dickinson,Health Care
HCA,HCA Healthcare,Health Care
MCK,McKesson,Health Care
COR,Cencora,Health Care
CAH,Cardinal Health,Health Care
HUM,Humana,Health Care
CNC,Centene,Health Care
MOH,Molina Healthcare,Health Care
IQV,IQVIA,Health Care
A,Agilent Technologies,Health Care
IDXX,IDEXX Laboratories,Health Care
RMD,ResMed,Health Care
EW,Edwards Lifesciences,Health Care
DXCM,Dexcom,Health Care
BIIB,Biogen,Health Care
MRNA,Moderna,Health Care
ILMN,Illumina,Health Care
WAT,Waters,Health Care
MTD,Mettler-Toledo,Health Care
STE,Steris,Health Care
BAX,Baxter International,Health Care
ZBH,Zimmer Biomet,Health Care
HOLX,Hologic,Health Care
PODD,Insulet,Health Care
ALGN,Align Technology,Health Care
COO,Cooper Companies,Health Care
LH,Labcorp,Health Care
DGX,Quest Diagnostics,Health Care
WST,West Pharmaceutical Services,Health Care
TFX,Teleflex,Health Care
RVTY,Revvity,Health Care
CRL,Charles River Laboratories,Health Care
TECH,Bio-Techne,Health Care
VTRS,Viatris,Health Care
DVA,DaVita,Health Care
UHS,Universal Health Services,Health Care
INCY,Incyte,Health Care
GEHC,GE HealthCare,Health Care
SOLV,Solventum,Health Care
HSIC,Henry Schein,Health Care
AMZN,Amazon,Consumer Discretionary
TSLA,Tesla,Consumer Discretionary
HD,Home Depot,Consumer Discretionary
MCD,McDonalds,Consumer Discretionary
BKNG,Booking Holdings,Consumer Discretionary
LOW,Lowes,Consumer Discretionary
TJX,TJX Companies,Consumer Discretionary
SBUX,Starbucks,Consumer Discretionary
NKE,Nike,Consumer Discretionary
ORLY,OReilly Automotive,Consumer Discretionary
AZO,AutoZone,Consumer Discretionary
CMG,Chipotle Mexican Grill,Consumer Discretionary
MAR,Marriott International,Consumer Discretionary
HLT,Hilton Worldwide,Consumer Discretionary
GM,General Motors,Consumer Discretionary
F,Ford Motor,Consumer Discretionary
ROST,Ross Stores,Consumer Discretionary
YUM,Yum Brands,Consumer Discretionary
DHI,DR Horton,Consumer Discretionary
LEN,Lennar,Consumer Discretionary
PHM,PulteGroup,Consumer Discretionary
NVR,NVR,Consumer Discretionary
EBAY,eBay,Consumer Discretionary
GRMN,Garmin,Consumer Discretionary
DECK,Deckers Outdoor,Consumer Discretionary
LULU,Lululemon Athletica,Consumer Discretionary
RCL,Royal Caribbean,Consumer Discretionary
CCL,Carnival,Consumer Discretionary
NCLH,Norwegian Cruise Line,Consumer Discretionary
EXPE,Expedia Group,Consumer Discretionary
ABNB,Airbnb,Consumer Discretionary
DRI,Darden Restaurants,Consumer Discretionary
TSCO,Tractor Supply,Consumer Discretionary
ULTA,Ulta Beauty,Consumer Discretionary
BBY,Best Buy,Consumer Discretionary
POOL,Pool Corporation,Consumer Discretionary
KMX,CarMax,Consumer Discretionary
LVS,Las Vegas Sands,Consumer Discretionary
WYNN,Wynn Resorts,Consumer Discretionary
MGM,MGM Resorts,Consumer Discretionary
CZR,Caesars Entertainment,Consumer Discretionary
DPZ,Dominos Pizza,Consumer Discretionary
WSM,Williams-Sonoma,Consumer Discretionary
TPR,Tapestry,Consumer Discretionary
RL,Ralph Lauren,Consumer Discretionary
HAS,Hasbro,Consumer Discretionary
MHK,Mohawk Industries,Consumer Discretionary
APTV,Aptiv,Consumer Discretionary
LKQ,LKQ,Consumer Discretionary
GPC,Genuine Parts,Consumer Discretionary
DASH,DoorDash,Consumer Discretionary
PG,Procter & Gamble,Consumer Staples
COST,Costco Wholesale,Consumer Staples
WMT,Walmart,Consumer Staples
KO,Coca-Cola,Consumer Staples
PEP,PepsiCo,Consumer Staples
PM,Philip Morris International,Consumer Staples
MO,Altria Group,Consumer Staples
MDLZ,Mondelez International,Consumer Staples
CL,Colgate-Palmolive,Consumer Staples
TGT,Target,Consumer Staples
KMB,Kimberly-Clark,Consumer Staples
GIS,General Mills,Consumer Staples
SYY,Sysco,Consumer Staples
KDP,Keurig Dr Pepper,Consumer Staples
KHC,Kraft Heinz,Consumer Staples
STZ,Constellation Brands,Consumer Staples
HSY,Hershey,Consumer Staples
CHD,Church & Dwight,Consumer Staples
CLX,Clorox,Consumer Staples
MKC,McCormick,Consumer Staples
CAG,Conagra Brands,Consumer Staples
CPB,Campbells,Consumer Staples
HRL,Hormel Foods,Consumer Staples
SJM,JM Smucker,Consumer Staples
TSN,Tyson Foods,Consumer Staples
LW,Lamb Weston,Consumer Staples
BG,Bunge,Consumer Staples
ADM,Archer Daniels Midland,Consumer Staples
MNST,Monster Beverage,Consumer Staples
KVUE,Kenvue,Consumer Staples
EL,Estee Lauder,Consumer Staples
DG,Dollar General,Consumer Staples
DLTR,Dollar Tree,Consumer Staples
KR,Kroger,Consumer Staples
BF-B,Brown-Forman Class B,Consumer Staples
TAP,Molson Coors,Consumer Staples
GE,GE Aerospace,Industrials
CAT,Caterpillar,Industrials
RTX,RTX,Industrials
UNP,Union Pacific,Industrials
HON,Honeywell International,Industrials
ETN,Eaton,Industrials
BA,Boeing,Industrials
DE,Deere,Industrials
LMT,Lockheed Martin,Industrials
UPS,United Parcel Service,Industrials
ADP,Automatic Data Processing,Industrials
PH,Parker Hannifin,Industrials
TT,Trane Technologies,Industrials
GD,General Dynamics,Industrials
NOC,Northrop Grumman,Industrials
ITW,Illinois Tool Works,Industrials
EMR,Emerson Electric,Industrials
CSX,CSX,Industrials
NSC,Norfolk Southern,Industrials
FDX,FedEx,Industrials
WM,Waste Management,Industrials
RSG,Republic Services,Industrials
PCAR,PACCAR,Industrials
JCI,Johnson Controls,Industrials
CMI,Cummins,Industrials
GWW,Grainger,Industrials
FAST,Fastenal,Industrials
URI,United Rentals,Industrials
PAYX,Paychex,Industrials
ODFL,Old Dominion Freight Line,Industrials
VRSK,Verisk Analytics,Industrials
EFX,Equifax,Industrials
AME,AMETEK,Industrials
ROK,Rockwell Automation,Industrials
OTIS,Otis Worldwide,Industrials
CARR,Carrier Global,Industrials
XYL,Xylem,Industrials
DOV,Dover,Industrials
FTV,Fortive,Industrials
HUBB,Hubbell,Industrials
LDOS,Leidos,Industrials
LHX,L3Harris Technologies,Industrials
TXT,Textron,Industrials
HWM,Howmet Aerospace,Industrials
TDG,TransDigm Group,Industrials
AXON,Axon Enterprise,Industrials
IR,Ingersoll Rand,Industrials
PNR,Pentair,Industrials
SWK,Stanley Black & Decker,Industrials
MAS,Masco,Industrials
AOS,A O Smith,Industrials
ALLE,Allegion,Industrials
BLDR,Builders FirstSource,Industrials
PWR,Quanta Services,Industrials
EME,EMCOR Group,Industrials
J,Jacobs Solutions,Industrials
EXPD,Expeditors International,Industrials
CHRW,C H Robinson,Industrials
JBHT,J B Hunt Transport,Industrials
UAL,United Airlines,Industrials
DAL,Delta Air Lines,Industrials
LUV,Southwest Airlines,Industrials
UBER,Uber Technologies,Industrials
GNRC,Generac,Industrials
NDSN,Nordson,Industrials
IEX,IDEX,Industrials
CPRT,Copart,Industrials
CTAS,Cintas,Industrials
ROL,Rollins,Industrials
PAYC,Paycom Software,Industrials
BR,Broadridge Financial Solutions,Industrials
GEV,GE Vernova,Industrials
VLTO,Veralto,Industrials
WAB,Wabtec,Industrials
HII,Huntington Ingalls Industries,Industrials
SNA,Snap-on,Industrials
MMM,3M,Industrials
HEI,HEICO,Industrials
XOM,Exxon Mobil,Energy
CVX,Chevron,Energy
COP,ConocoPhillips,Energy
EOG,EOG Resources,Energy
SLB,SLB,Energy
MPC,Marathon Petroleum,Energy
PSX,Phillips 66,Energy
VLO,Valero Energy,Energy
WMB,Williams Companies,Energy
OKE,ONEOK,Energy
KMI,Kinder Morgan,Energy
OXY,Occidental Petroleum,Energy
FANG,Diamondback Energy,Energy
DVN,Devon Energy,Energy
HAL,Halliburton,Energy
BKR,Baker Hughes,Energy
CTRA,Coterra Energy,Energy
APA,APA,Energy
EQT,EQT,Energy
TRGP,Targa Resources,Energy
TPL,Texas Pacific Land,Energy
EXE,Expand Energy,Energy
LIN,Linde,Materials
APD,Air Products,Materials
SHW,Sherwin-Williams,Materials
ECL,Ecolab,Materials
FCX,Freeport-McMoRan,Materials
NEM,Newmont,Materials
NUE,Nucor,Materials
DOW,Dow,Materials
DD,DuPont,Materials
PPG,PPG Industries,Materials
LYB,LyondellBasell,Materials
MLM,Martin Marietta Materials,Materials
VMC,Vulcan Materials,Materials
CF,CF Industries,Materials
MOS,Mosaic,Materials
ALB,Albemarle,Materials
CE,Celanese,Materials
EMN,Eastman Chemical,Materials
IFF,International Flavors & Fragrances,Materials
AVY,Avery Dennison,Materials
PKG,Packaging Corporation of America,Materials
IP,International Paper,Materials
SW,Smurfit Westrock,Materials
AMCR,Amcor,Materials
BALL,Ball,Materials
STLD,Steel Dynamics,Materials
PLD,Prologis,Real Estate
AMT,American Tower,Real Estate
EQIX,Equinix,Real Estate
WELL,Welltower,Real Estate
SPG,Simon Property Group,Real Estate
PSA,Public Storage,Real Estate
O,Realty Income,Real Estate
DLR,Digital Realty Trust,Real Estate
CCI,Crown Castle,Real Estate
EXR,Extra Space Storage,Real Estate
AVB,AvalonBay Communities,Real Estate
VICI,VICI Properties,Real Estate
EQR,Equity Residential,Real Estate
SBAC,SBA Communications,Real Estate
WY,Weyerhaeuser,Real Estate
INVH,Invitation Homes,Real Estate
MAA,Mid-America Apartment,Real Estate
ESS,Essex Property Trust,Real Estate
KIM,Kimco Realty,Real Estate
ARE,Alexandria Real Estate,Real Estate
DOC,Healthpeak Properties,Real Estate
UDR,UDR,Real Estate
CPT,Camden Property Trust,Real Estate
HST,Host Hotels & Resorts,Real Estate
REG,Regency Centers,Real Estate
BXP,BXP,Real Estate
FRT,Federal Realty Investment Trust,Real Estate
VTR,Ventas,Real Estate
IRM,Iron Mountain,Real Estate
CSGP,CoStar Group,Real Estate
CBRE,CBRE Group,Real Estate
NEE,NextEra Energy,Utilities
SO,Southern Company,Utilities
DUK,Duke Energy,Utilities
CEG,Constellation Energy,Utilities
SRE,Sempra,Utilities
AEP,American Electric Power,Utilities
D,Dominion Energy,Utilities
PCG,PG&E,Utilities
EXC,Exelon,Utilities
XEL,Xcel Energy,Utilities
ED,Consolidated Edison,Utilities
PEG,Public Service Enterprise Group,Utilities
WEC,WEC Energy Group,Utilities
AWK,American Water Works,Utilities
DTE,DTE Energy,Utilities
ES,Eversource Energy,Utilities
ETR,Entergy,Utilities
FE,FirstEnergy,Utilities
AEE,Ameren,Utilities
PPL,PPL,Utilities
CMS,CMS Energy,Utilities
CNP,CenterPoint Energy,Utilities
ATO,Atmos Energy,Utilities
NI,NiSource,Utilities
LNT,Alliant Energy,Utilities
EVRG,Evergy,Utilities
AES,AES,Utilities
NRG,NRG Energy,Utilities
PNW,Pinnacle West Capital,Utilities
VST,Vistra,Utilities
